{
  "properties": {
    "connectionReferences": {
      "shared_commondataserviceforapps": {
        "runtimeSource": "embedded",
        "connection": {
          "connectionReferenceLogicalName": "enks_sharedcommondataserviceforapps_90608"
        },
        "api": {
          "name": "shared_commondataserviceforapps"
        }
      },
      "shared_sharepointonline": {
        "runtimeSource": "embedded",
        "connection": {
          "connectionReferenceLogicalName": "enks_sharedsharepointonline_ff6d1"
        },
        "api": {
          "name": "shared_sharepointonline"
        }
      }
    },
    "definition": {
      "$schema": "https://schema.management.azure.com/providers/Microsoft.Logic/schemas/2016-06-01/workflowdefinition.json#",
      "contentVersion": "1.0.0.0",
      "parameters": {
        "$connections": {
          "defaultValue": {},
          "type": "Object"
        },
        "$authentication": {
          "defaultValue": {},
          "type": "SecureObject"
        }
      },
      "triggers": {
        "When_a_Note_is_created": {
          "metadata": {
            "operationMetadataId": "ddc6b390-3a17-4c96-b368-9a91511f0668"
          },
          "type": "OpenApiConnectionWebhook",
          "inputs": {
            "host": {
              "connectionName": "shared_commondataserviceforapps",
              "operationId": "SubscribeWebhookTrigger",
              "apiId": "/providers/Microsoft.PowerApps/apis/shared_commondataserviceforapps"
            },
            "parameters": {
              "subscriptionRequest/message": 1,
              "subscriptionRequest/entityname": "annotation",
              "subscriptionRequest/scope": 4
            },
            "authentication": "@parameters('$authentication')"
          }
        }
      },
      "actions": {
        "Condition": {
          "actions": {
            "Terminate": {
              "runAfter": {},
              "metadata": {
                "operationMetadataId": "546b3a73-6d92-498b-a44e-c27f7b5feb1b"
              },
              "type": "Terminate",
              "inputs": {
                "runStatus": "Succeeded"
              }
            }
          },
          "runAfter": {},
          "expression": {
            "contains": [
              "@triggerOutputs()?['body/notetext']",
              "sharepoint"
            ]
          },
          "metadata": {
            "operationMetadataId": "2ddfb6df-081e-4a51-9378-aea07b4cb7dd"
          },
          "type": "If"
        },
        "Get_Opportunity": {
          "runAfter": {
            "Condition": [
              "Succeeded"
            ]
          },
          "metadata": {
            "operationMetadataId": "8991467e-adad-48da-a41f-9334dfb09444"
          },
          "type": "OpenApiConnection",
          "inputs": {
            "host": {
              "connectionName": "shared_commondataserviceforapps",
              "operationId": "ListRecords",
              "apiId": "/providers/Microsoft.PowerApps/apis/shared_commondataserviceforapps"
            },
            "parameters": {
              "entityName": "opportunities",
              "$filter": "(opportunityid eq '@{triggerOutputs()?['body/_objectid_value']}')"
            },
            "authentication": "@parameters('$authentication')"
          }
        },
        "Initialize_variable": {
          "runAfter": {
            "Get_Opportunity": [
              "Succeeded"
            ]
          },
          "metadata": {
            "operationMetadataId": "786df7f2-4736-4786-9790-0d404fb2b05f"
          },
          "type": "InitializeVariable",
          "inputs": {
            "variables": [
              {
                "name": "FolderLocation",
                "type": "string",
                "value": "/opportunity/newest"
              }
            ]
          }
        },
        "Create_file": {
          "runAfter": {
            "Initialize_variable": [
              "Succeeded"
            ]
          },
          "metadata": {
            "operationMetadataId": "7122d292-8244-4ed3-88cc-626621b835c6"
          },
          "type": "OpenApiConnection",
          "inputs": {
            "host": {
              "connectionName": "shared_sharepointonline",
              "operationId": "CreateFile",
              "apiId": "/providers/Microsoft.PowerApps/apis/shared_sharepointonline"
            },
            "parameters": {
              "dataset": "https://learncrmservice.sharepoint.com/sites/D365Attachments",
              "folderPath": "@variables('FolderLocation')",
              "name": "@triggerOutputs()?['body/filename']",
              "body": "@base64ToBinary(triggerOutputs()?['body/documentbody'])"
            },
            "authentication": "@parameters('$authentication')"
          },
          "runtimeConfiguration": {
            "contentTransfer": {
              "transferMode": "Chunked"
            }
          }
        },
        "Apply_to_each": {
          "foreach": "@outputs('Get_Opportunity')?['body/value']",
          "actions": {
            "Create_a_Note_and_refer_to_sharepoint": {
              "runAfter": {},
              "metadata": {
                "operationMetadataId": "41a8c161-37c7-4aa0-9bae-2b6a15cb3423"
              },
              "type": "OpenApiConnection",
              "inputs": {
                "host": {
                  "connectionName": "shared_commondataserviceforapps",
                  "operationId": "CreateRecord",
                  "apiId": "/providers/Microsoft.PowerApps/apis/shared_commondataserviceforapps"
                },
                "parameters": {
                  "entityName": "annotations",
                  "item/subject": "@triggerOutputs()?['body/subject']",
                  "item/notetext": "@{items('Apply_to_each')?['description']}\nSharepoint updated\n<a href=\"https://learncrmservice.sharepoint.com/sites/D365Attachments@{variables('FolderLocation')}\">@{triggerOutputs()?['body/filename']}</a>\n",
                  "item/objectid_opportunity@odata.bind": "/opportunities/@{items('Apply_to_each')?['opportunityid']}"
                },
                "authentication": "@parameters('$authentication')"
              }
            }
          },
          "runAfter": {
            "Create_file": [
              "Succeeded"
            ]
          },
          "metadata": {
            "operationMetadataId": "c2af1dec-1fb7-4759-b786-f14545784111"
          },
          "type": "Foreach"
        },
        "Delete_Existing_note": {
          "runAfter": {
            "Apply_to_each": [
              "Succeeded"
            ]
          },
          "metadata": {
            "operationMetadataId": "31e59693-a9ee-4f18-811d-a912330d0075"
          },
          "type": "OpenApiConnection",
          "inputs": {
            "host": {
              "connectionName": "shared_commondataserviceforapps",
              "operationId": "ListRecords",
              "apiId": "/providers/Microsoft.PowerApps/apis/shared_commondataserviceforapps"
            },
            "parameters": {
              "entityName": "annotations",
              "$filter": "annotationid eq @{triggerOutputs()?['body/annotationid']}"
            },
            "authentication": "@parameters('$authentication')"
          }
        },
        "Apply_to_each_2": {
          "foreach": "@outputs('Delete_Existing_note')?['body/value']",
          "actions": {
            "Delete_a_row": {
              "runAfter": {},
              "metadata": {
                "operationMetadataId": "b036f97c-5997-4c73-ab69-043c7ee45f5c"
              },
              "type": "OpenApiConnection",
              "inputs": {
                "host": {
                  "connectionName": "shared_commondataserviceforapps",
                  "operationId": "DeleteRecord",
                  "apiId": "/providers/Microsoft.PowerApps/apis/shared_commondataserviceforapps"
                },
                "parameters": {
                  "entityName": "annotations",
                  "recordId": "@items('Apply_to_each_2')?['annotationid']"
                },
                "authentication": "@parameters('$authentication')"
              }
            }
          },
          "runAfter": {
            "Delete_Existing_note": [
              "Succeeded"
            ]
          },
          "metadata": {
            "operationMetadataId": "6838ea21-48cb-40f1-9940-539d41c42cfa"
          },
          "type": "Foreach"
        }
      }
    }
  },
  "schemaVersion": "1.0.0.0"
}