{
  "properties": {
    "connectionReferences": {
      "shared_commondataserviceforapps": {
        "runtimeSource": "embedded",
        "connection": {
          "connectionReferenceLogicalName": "enks_sharedcommondataserviceforapps_90608"
        },
        "api": {
          "name": "shared_commondataserviceforapps"
        }
      },
      "shared_sharepointonline": {
        "runtimeSource": "embedded",
        "connection": {
          "connectionReferenceLogicalName": "enks_sharedsharepointonline_ff6d1"
        },
        "api": {
          "name": "shared_sharepointonline"
        }
      }
    },
    "definition": {
      "$schema": "https://schema.management.azure.com/providers/Microsoft.Logic/schemas/2016-06-01/workflowdefinition.json#",
      "contentVersion": "1.0.0.0",
      "parameters": {
        "$connections": {
          "defaultValue": {},
          "type": "Object"
        },
        "$authentication": {
          "defaultValue": {},
          "type": "SecureObject"
        }
      },
      "triggers": {
        "When_an_email_is_sent_or_received": {
          "metadata": {
            "operationMetadataId": "68333816-095b-4936-b6b8-76db079197c8"
          },
          "type": "OpenApiConnectionWebhook",
          "inputs": {
            "host": {
              "connectionName": "shared_commondataserviceforapps",
              "operationId": "SubscribeWebhookTrigger",
              "apiId": "/providers/Microsoft.PowerApps/apis/shared_commondataserviceforapps"
            },
            "parameters": {
              "subscriptionRequest/message": 4,
              "subscriptionRequest/entityname": "email",
              "subscriptionRequest/scope": 4,
              "subscriptionRequest/runas": 3
            },
            "authentication": "@parameters('$authentication')"
          }
        }
      },
      "actions": {
        "Get_Attachments": {
          "runAfter": {},
          "metadata": {
            "operationMetadataId": "48aa7923-3920-45e1-bc06-1632bfd65956"
          },
          "type": "OpenApiConnection",
          "inputs": {
            "host": {
              "connectionName": "shared_commondataserviceforapps",
              "operationId": "ListRecords",
              "apiId": "/providers/Microsoft.PowerApps/apis/shared_commondataserviceforapps"
            },
            "parameters": {
              "entityName": "activitymimeattachments",
              "$select": "filename,body,_objectid_value,activitymimeattachmentid",
              "$filter": "(_objectid_value eq '@{triggerOutputs()?['body/activityid']}')"
            },
            "authentication": "@parameters('$authentication')"
          }
        },
        "Has_Attachments": {
          "actions": {
            "GetDocLocRegarding": {
              "runAfter": {},
              "metadata": {
                "operationMetadataId": "8e01ec52-130c-4324-8974-e29c5e349099"
              },
              "type": "OpenApiConnection",
              "inputs": {
                "host": {
                  "connectionName": "shared_commondataserviceforapps",
                  "operationId": "ListRecords",
                  "apiId": "/providers/Microsoft.PowerApps/apis/shared_commondataserviceforapps"
                },
                "parameters": {
                  "entityName": "sharepointdocumentlocations",
                  "$select": "relativeurl",
                  "$filter": "_regardingobjectid_value eq @{triggerOutputs()?['body/_regardingobjectid_value']}",
                  "$top": 1
                },
                "authentication": "@parameters('$authentication')"
              }
            },
            "ContactAttachmentsRelativeURL": {
              "runAfter": {
                "GetDocLocRegarding": [
                  "Succeeded"
                ]
              },
              "metadata": {
                "operationMetadataId": "acaf2ad6-6878-4c70-b0c4-d2bd5ea25b03"
              },
              "type": "Compose",
              "inputs": "contact/@{first(outputs('GetDocLocRegarding')?['body/value'])?['']}/Email Attachments"
            },
            "Apply_to_each": {
              "foreach": "@outputs('Get_Attachments')?['body/value']",
              "actions": {
                "Create_file": {
                  "runAfter": {},
                  "metadata": {
                    "operationMetadataId": "74820547-4928-4224-b931-e79d428ee2fc"
                  },
                  "type": "OpenApiConnection",
                  "inputs": {
                    "host": {
                      "connectionName": "shared_sharepointonline",
                      "operationId": "CreateFile",
                      "apiId": "/providers/Microsoft.PowerApps/apis/shared_sharepointonline"
                    },
                    "parameters": {
                      "dataset": "https://learncrmservice.sharepoint.com/sites/D365Attachments",
                      "folderPath": "@outputs('ContactAttachmentsRelativeURL')",
                      "name": "@items('Apply_to_each')?['filename']",
                      "body": "@base64ToBinary(items('Apply_to_each')?['body'])"
                    },
                    "authentication": "@parameters('$authentication')"
                  },
                  "runtimeConfiguration": {
                    "contentTransfer": {
                      "transferMode": "Chunked"
                    }
                  }
                },
                "Delete_Attachments_from_Dynamics": {
                  "runAfter": {
                    "Create_file": [
                      "Succeeded"
                    ]
                  },
                  "metadata": {
                    "operationMetadataId": "1335614d-0e43-4238-b33b-6a861995f197"
                  },
                  "type": "OpenApiConnection",
                  "inputs": {
                    "host": {
                      "connectionName": "shared_commondataserviceforapps",
                      "operationId": "DeleteRecord",
                      "apiId": "/providers/Microsoft.PowerApps/apis/shared_commondataserviceforapps"
                    },
                    "parameters": {
                      "entityName": "activitymimeattachments",
                      "recordId": "@items('Apply_to_each')?['activitymimeattachmentid']"
                    },
                    "authentication": "@parameters('$authentication')"
                  }
                }
              },
              "runAfter": {
                "ContactAttachmentsRelativeURL": [
                  "Succeeded"
                ]
              },
              "metadata": {
                "operationMetadataId": "06401f92-a288-4ae3-9d2c-7e27a17b45af"
              },
              "type": "Foreach"
            }
          },
          "runAfter": {
            "Get_Attachments": [
              "Succeeded"
            ]
          },
          "expression": {
            "equals": [
              "@empty(body('Get_Attachments')?['value'])",
              false
            ]
          },
          "metadata": {
            "operationMetadataId": "a4cf9075-21ad-4892-af4c-19f8d243b27c"
          },
          "type": "If"
        }
      }
    }
  },
  "schemaVersion": "1.0.0.0"
}